{
  "project_info": {
    "project_number": "501569804115",
    "project_id": "ratingpokemon-18a3c",
    "storage_bucket": "ratingpokemon-18a3c.appspot.com"
  },
  "client": [
    {
      "client_info": {
        "mobilesdk_app_id": "1:501569804115:android:f2e99fd750ba7ade7633a6",
        "android_client_info": {
          "package_name": "com.example.pokerating"
        }
      },
      "oauth_client": [
        {
          "client_id": "501569804115-87fsf30tqavpeeb1s6jj9j1avn7v1i4b.apps.googleusercontent.com",
          "client_type": 3
        }
      ],
      "api_key": [
        {
          "current_key": "AIzaSyBhgd2KK5ONrfN6JkuSKaB3wryXcy9CwV4"
        }
      ],
      "services": {
        "appinvite_service": {
          "other_platform_oauth_client": [
            {
              "client_id": "501569804115-87fsf30tqavpeeb1s6jj9j1avn7v1i4b.apps.googleusercontent.com",
              "client_type": 3
            }
          ]
        }
      }
    }
  ],
  "configuration_version": "1"
}